customer_id,customer_name,email,phone
cust_1000,Rahul Sharma (1000),user_1000@example.com,+91 98765 01000
cust_1001,Priya Patel (1001),user_1001@example.com,+91 98765 01001
cust_1002,Amit Kumar (1002),user_1002@example.com,+91 98765 01002
cust_1003,Ananya Verma (1003),user_1003@example.com,+91 98765 01003
cust_1004,Vikram Malhotra (1004),user_1004@example.com,+91 98765 01004
cust_1005,Siddharth Rao (1005),user_1005@example.com,+91 98765 01005
cust_1006,Neha Gupta (1006),user_1006@example.com,+91 98765 01006
cust_1007,Rohan Mehta (1007),user_1007@example.com,+91 98765 01007
cust_1008,Pooja Reddy (1008),user_1008@example.com,+91 98765 01008
cust_1009,Deepak Joshi (1009),user_1009@example.com,+91 98765 01009
cust_1010,Kavita Nair (1010),user_1010@example.com,+91 98765 01010
cust_1011,Arjun Singh (1011),user_1011@example.com,+91 98765 01011
cust_1012,Sneha Joshi (1012),user_1012@example.com,+91 98765 01012
cust_1013,Rajesh Iyer (1013),user_1013@example.com,+91 98765 01013
cust_1014,Meera Desai (1014),user_1014@example.com,+91 98765 01014
cust_1015,Rahul Sharma (1015),user_1015@example.com,+91 98765 01015
cust_1016,Priya Patel (1016),user_1016@example.com,+91 98765 01016
cust_1017,Amit Kumar (1017),user_1017@example.com,+91 98765 01017
cust_1018,Ananya Verma (1018),user_1018@example.com,+91 98765 01018
cust_1019,Vikram Malhotra (1019),user_1019@example.com,+91 98765 01019
cust_1020,Siddharth Rao (1020),user_1020@example.com,+91 98765 01020
cust_1021,Neha Gupta (1021),user_1021@example.com,+91 98765 01021
cust_1022,Rohan Mehta (1022),user_1022@example.com,+91 98765 01022
cust_1023,Pooja Reddy (1023),user_1023@example.com,+91 98765 01023
cust_1024,Deepak Joshi (1024),user_1024@example.com,+91 98765 01024
cust_1025,Kavita Nair (1025),user_1025@example.com,+91 98765 01025
cust_1026,Arjun Singh (1026),user_1026@example.com,+91 98765 01026
cust_1027,Sneha Joshi (1027),user_1027@example.com,+91 98765 01027
cust_1028,Rajesh Iyer (1028),user_1028@example.com,+91 98765 01028
cust_1029,Meera Desai (1029),user_1029@example.com,+91 98765 01029
cust_1030,Rahul Sharma (1030),user_1030@example.com,+91 98765 01030
cust_1031,Priya Patel (1031),user_1031@example.com,+91 98765 01031
cust_1032,Amit Kumar (1032),user_1032@example.com,+91 98765 01032
cust_1033,Ananya Verma (1033),user_1033@example.com,+91 98765 01033
cust_1034,Vikram Malhotra (1034),user_1034@example.com,+91 98765 01034
cust_1035,Siddharth Rao (1035),user_1035@example.com,+91 98765 01035
cust_1036,Neha Gupta (1036),user_1036@example.com,+91 98765 01036
cust_1037,Rohan Mehta (1037),user_1037@example.com,+91 98765 01037
cust_1038,Pooja Reddy (1038),user_1038@example.com,+91 98765 01038
cust_1039,Deepak Joshi (1039),user_1039@example.com,+91 98765 01039
cust_1040,Kavita Nair (1040),user_1040@example.com,+91 98765 01040
cust_1041,Arjun Singh (1041),user_1041@example.com,+91 98765 01041
cust_1042,Sneha Joshi (1042),user_1042@example.com,+91 98765 01042
cust_1043,Rajesh Iyer (1043),user_1043@example.com,+91 98765 01043
cust_1044,Meera Desai (1044),user_1044@example.com,+91 98765 01044
cust_1045,Rahul Sharma (1045),user_1045@example.com,+91 98765 01045
cust_1046,Priya Patel (1046),user_1046@example.com,+91 98765 01046
cust_1047,Amit Kumar (1047),user_1047@example.com,+91 98765 01047
cust_1048,Ananya Verma (1048),user_1048@example.com,+91 98765 01048
cust_1049,Vikram Malhotra (1049),user_1049@example.com,+91 98765 01049
cust_1050,Siddharth Rao (1050),user_1050@example.com,+91 98765 01050
cust_1051,Neha Gupta (1051),user_1051@example.com,+91 98765 01051
cust_1052,Rohan Mehta (1052),user_1052@example.com,+91 98765 01052
cust_1053,Pooja Reddy (1053),user_1053@example.com,+91 98765 01053
cust_1054,Deepak Joshi (1054),user_1054@example.com,+91 98765 01054
cust_1055,Kavita Nair (1055),user_1055@example.com,+91 98765 01055
cust_1056,Arjun Singh (1056),user_1056@example.com,+91 98765 01056
cust_1057,Sneha Joshi (1057),user_1057@example.com,+91 98765 01057
cust_1058,Rajesh Iyer (1058),user_1058@example.com,+91 98765 01058
cust_1059,Meera Desai (1059),user_1059@example.com,+91 98765 01059
cust_1060,Rahul Sharma (1060),user_1060@example.com,+91 98765 01060
cust_1061,Priya Patel (1061),user_1061@example.com,+91 98765 01061
cust_1062,Amit Kumar (1062),user_1062@example.com,+91 98765 01062
cust_1063,Ananya Verma (1063),user_1063@example.com,+91 98765 01063
cust_1064,Vikram Malhotra (1064),user_1064@example.com,+91 98765 01064
cust_1065,Siddharth Rao (1065),user_1065@example.com,+91 98765 01065
cust_1066,Neha Gupta (1066),user_1066@example.com,+91 98765 01066
cust_1067,Rohan Mehta (1067),user_1067@example.com,+91 98765 01067
cust_1068,Pooja Reddy (1068),user_1068@example.com,+91 98765 01068
cust_1069,Deepak Joshi (1069),user_1069@example.com,+91 98765 01069
cust_1070,Kavita Nair (1070),user_1070@example.com,+91 98765 01070
cust_1071,Arjun Singh (1071),user_1071@example.com,+91 98765 01071
cust_1072,Sneha Joshi (1072),user_1072@example.com,+91 98765 01072
cust_1073,Rajesh Iyer (1073),user_1073@example.com,+91 98765 01073
cust_1074,Meera Desai (1074),user_1074@example.com,+91 98765 01074
cust_1075,Rahul Sharma (1075),user_1075@example.com,+91 98765 01075
cust_1076,Priya Patel (1076),user_1076@example.com,+91 98765 01076
cust_1077,Amit Kumar (1077),user_1077@example.com,+91 98765 01077
cust_1078,Ananya Verma (1078),user_1078@example.com,+91 98765 01078
cust_1079,Vikram Malhotra (1079),user_1079@example.com,+91 98765 01079
cust_1080,Siddharth Rao (1080),user_1080@example.com,+91 98765 01080
cust_1081,Neha Gupta (1081),user_1081@example.com,+91 98765 01081
cust_1082,Rohan Mehta (1082),user_1082@example.com,+91 98765 01082
cust_1083,Pooja Reddy (1083),user_1083@example.com,+91 98765 01083
cust_1084,Deepak Joshi (1084),user_1084@example.com,+91 98765 01084
cust_1085,Kavita Nair (1085),user_1085@example.com,+91 98765 01085
cust_1086,Arjun Singh (1086),user_1086@example.com,+91 98765 01086
cust_1087,Sneha Joshi (1087),user_1087@example.com,+91 98765 01087
cust_1088,Rajesh Iyer (1088),user_1088@example.com,+91 98765 01088
cust_1089,Meera Desai (1089),user_1089@example.com,+91 98765 01089
cust_1090,Rahul Sharma (1090),user_1090@example.com,+91 98765 01090
cust_1091,Priya Patel (1091),user_1091@example.com,+91 98765 01091
cust_1092,Amit Kumar (1092),user_1092@example.com,+91 98765 01092
cust_1093,Ananya Verma (1093),user_1093@example.com,+91 98765 01093
cust_1094,Vikram Malhotra (1094),user_1094@example.com,+91 98765 01094
cust_1095,Siddharth Rao (1095),user_1095@example.com,+91 98765 01095
cust_1096,Neha Gupta (1096),user_1096@example.com,+91 98765 01096
cust_1097,Rohan Mehta (1097),user_1097@example.com,+91 98765 01097
cust_1098,Pooja Reddy (1098),user_1098@example.com,+91 98765 01098
cust_1099,Deepak Joshi (1099),user_1099@example.com,+91 98765 01099
cust_1100,Kavita Nair (1100),user_1100@example.com,+91 98765 01100
cust_1101,Arjun Singh (1101),user_1101@example.com,+91 98765 01101
cust_1102,Sneha Joshi (1102),user_1102@example.com,+91 98765 01102
cust_1103,Rajesh Iyer (1103),user_1103@example.com,+91 98765 01103
cust_1104,Meera Desai (1104),user_1104@example.com,+91 98765 01104
cust_1105,Rahul Sharma (1105),user_1105@example.com,+91 98765 01105
cust_1106,Priya Patel (1106),user_1106@example.com,+91 98765 01106
cust_1107,Amit Kumar (1107),user_1107@example.com,+91 98765 01107
cust_1108,Ananya Verma (1108),user_1108@example.com,+91 98765 01108
cust_1109,Vikram Malhotra (1109),user_1109@example.com,+91 98765 01109
cust_1110,Siddharth Rao (1110),user_1110@example.com,+91 98765 01110
cust_1111,Neha Gupta (1111),user_1111@example.com,+91 98765 01111
cust_1112,Rohan Mehta (1112),user_1112@example.com,+91 98765 01112
cust_1113,Pooja Reddy (1113),user_1113@example.com,+91 98765 01113
cust_1114,Deepak Joshi (1114),user_1114@example.com,+91 98765 01114
cust_1115,Kavita Nair (1115),user_1115@example.com,+91 98765 01115
cust_1116,Arjun Singh (1116),user_1116@example.com,+91 98765 01116
cust_1117,Sneha Joshi (1117),user_1117@example.com,+91 98765 01117
cust_1118,Rajesh Iyer (1118),user_1118@example.com,+91 98765 01118
cust_1119,Meera Desai (1119),user_1119@example.com,+91 98765 01119
cust_1120,Rahul Sharma (1120),user_1120@example.com,+91 98765 01120
cust_1121,Priya Patel (1121),user_1121@example.com,+91 98765 01121
cust_1122,Amit Kumar (1122),user_1122@example.com,+91 98765 01122
cust_1123,Ananya Verma (1123),user_1123@example.com,+91 98765 01123
cust_1124,Vikram Malhotra (1124),user_1124@example.com,+91 98765 01124
cust_1125,Siddharth Rao (1125),user_1125@example.com,+91 98765 01125
cust_1126,Neha Gupta (1126),user_1126@example.com,+91 98765 01126
cust_1127,Rohan Mehta (1127),user_1127@example.com,+91 98765 01127
cust_1128,Pooja Reddy (1128),user_1128@example.com,+91 98765 01128
cust_1129,Deepak Joshi (1129),user_1129@example.com,+91 98765 01129
cust_1130,Kavita Nair (1130),user_1130@example.com,+91 98765 01130
cust_1131,Arjun Singh (1131),user_1131@example.com,+91 98765 01131
cust_1132,Sneha Joshi (1132),user_1132@example.com,+91 98765 01132
cust_1133,Rajesh Iyer (1133),user_1133@example.com,+91 98765 01133
cust_1134,Meera Desai (1134),user_1134@example.com,+91 98765 01134
cust_1135,Rahul Sharma (1135),user_1135@example.com,+91 98765 01135
cust_1136,Priya Patel (1136),user_1136@example.com,+91 98765 01136
cust_1137,Amit Kumar (1137),user_1137@example.com,+91 98765 01137
cust_1138,Ananya Verma (1138),user_1138@example.com,+91 98765 01138
cust_1139,Vikram Malhotra (1139),user_1139@example.com,+91 98765 01139
cust_1140,Siddharth Rao (1140),user_1140@example.com,+91 98765 01140
cust_1141,Neha Gupta (1141),user_1141@example.com,+91 98765 01141
cust_1142,Rohan Mehta (1142),user_1142@example.com,+91 98765 01142
cust_1143,Pooja Reddy (1143),user_1143@example.com,+91 98765 01143
cust_1144,Deepak Joshi (1144),user_1144@example.com,+91 98765 01144
cust_1145,Kavita Nair (1145),user_1145@example.com,+91 98765 01145
cust_1146,Arjun Singh (1146),user_1146@example.com,+91 98765 01146
cust_1147,Sneha Joshi (1147),user_1147@example.com,+91 98765 01147
cust_1148,Rajesh Iyer (1148),user_1148@example.com,+91 98765 01148
cust_1149,Meera Desai (1149),user_1149@example.com,+91 98765 01149
cust_1150,Rahul Sharma (1150),user_1150@example.com,+91 98765 01150
cust_1151,Priya Patel (1151),user_1151@example.com,+91 98765 01151
cust_1152,Amit Kumar (1152),user_1152@example.com,+91 98765 01152
cust_1153,Ananya Verma (1153),user_1153@example.com,+91 98765 01153
cust_1154,Vikram Malhotra (1154),user_1154@example.com,+91 98765 01154
cust_1155,Siddharth Rao (1155),user_1155@example.com,+91 98765 01155
cust_1156,Neha Gupta (1156),user_1156@example.com,+91 98765 01156
cust_1157,Rohan Mehta (1157),user_1157@example.com,+91 98765 01157
cust_1158,Pooja Reddy (1158),user_1158@example.com,+91 98765 01158
cust_1159,Deepak Joshi (1159),user_1159@example.com,+91 98765 01159
cust_1160,Kavita Nair (1160),user_1160@example.com,+91 98765 01160
cust_1161,Arjun Singh (1161),user_1161@example.com,+91 98765 01161
cust_1162,Sneha Joshi (1162),user_1162@example.com,+91 98765 01162
cust_1163,Rajesh Iyer (1163),user_1163@example.com,+91 98765 01163
cust_1164,Meera Desai (1164),user_1164@example.com,+91 98765 01164
cust_1165,Rahul Sharma (1165),user_1165@example.com,+91 98765 01165
cust_1166,Priya Patel (1166),user_1166@example.com,+91 98765 01166
cust_1167,Amit Kumar (1167),user_1167@example.com,+91 98765 01167
cust_1168,Ananya Verma (1168),user_1168@example.com,+91 98765 01168
cust_1169,Vikram Malhotra (1169),user_1169@example.com,+91 98765 01169
cust_1170,Siddharth Rao (1170),user_1170@example.com,+91 98765 01170
cust_1171,Neha Gupta (1171),user_1171@example.com,+91 98765 01171
cust_1172,Rohan Mehta (1172),user_1172@example.com,+91 98765 01172
cust_1173,Pooja Reddy (1173),user_1173@example.com,+91 98765 01173
cust_1174,Deepak Joshi (1174),user_1174@example.com,+91 98765 01174
cust_1175,Kavita Nair (1175),user_1175@example.com,+91 98765 01175
cust_1176,Arjun Singh (1176),user_1176@example.com,+91 98765 01176
cust_1177,Sneha Joshi (1177),user_1177@example.com,+91 98765 01177
cust_1178,Rajesh Iyer (1178),user_1178@example.com,+91 98765 01178
cust_1179,Meera Desai (1179),user_1179@example.com,+91 98765 01179
cust_1180,Rahul Sharma (1180),user_1180@example.com,+91 98765 01180
cust_1181,Priya Patel (1181),user_1181@example.com,+91 98765 01181
cust_1182,Amit Kumar (1182),user_1182@example.com,+91 98765 01182
cust_1183,Ananya Verma (1183),user_1183@example.com,+91 98765 01183
cust_1184,Vikram Malhotra (1184),user_1184@example.com,+91 98765 01184
cust_1185,Siddharth Rao (1185),user_1185@example.com,+91 98765 01185
cust_1186,Neha Gupta (1186),user_1186@example.com,+91 98765 01186
cust_1187,Rohan Mehta (1187),user_1187@example.com,+91 98765 01187
cust_1188,Pooja Reddy (1188),user_1188@example.com,+91 98765 01188
cust_1189,Deepak Joshi (1189),user_1189@example.com,+91 98765 01189
cust_1190,Kavita Nair (1190),user_1190@example.com,+91 98765 01190
cust_1191,Arjun Singh (1191),user_1191@example.com,+91 98765 01191
cust_1192,Sneha Joshi (1192),user_1192@example.com,+91 98765 01192
cust_1193,Rajesh Iyer (1193),user_1193@example.com,+91 98765 01193
cust_1194,Meera Desai (1194),user_1194@example.com,+91 98765 01194
cust_1195,Rahul Sharma (1195),user_1195@example.com,+91 98765 01195
cust_1196,Priya Patel (1196),user_1196@example.com,+91 98765 01196
cust_1197,Amit Kumar (1197),user_1197@example.com,+91 98765 01197
cust_1198,Ananya Verma (1198),user_1198@example.com,+91 98765 01198
cust_1199,Vikram Malhotra (1199),user_1199@example.com,+91 98765 01199
cust_1200,Siddharth Rao (1200),user_1200@example.com,+91 98765 01200
cust_1201,Neha Gupta (1201),user_1201@example.com,+91 98765 01201
cust_1202,Rohan Mehta (1202),user_1202@example.com,+91 98765 01202
cust_1203,Pooja Reddy (1203),user_1203@example.com,+91 98765 01203
cust_1204,Deepak Joshi (1204),user_1204@example.com,+91 98765 01204
cust_1205,Kavita Nair (1205),user_1205@example.com,+91 98765 01205
cust_1206,Arjun Singh (1206),user_1206@example.com,+91 98765 01206
cust_1207,Sneha Joshi (1207),user_1207@example.com,+91 98765 01207
cust_1208,Rajesh Iyer (1208),user_1208@example.com,+91 98765 01208
cust_1209,Meera Desai (1209),user_1209@example.com,+91 98765 01209
cust_1210,Rahul Sharma (1210),user_1210@example.com,+91 98765 01210
cust_1211,Priya Patel (1211),user_1211@example.com,+91 98765 01211
cust_1212,Amit Kumar (1212),user_1212@example.com,+91 98765 01212
cust_1213,Ananya Verma (1213),user_1213@example.com,+91 98765 01213
cust_1214,Vikram Malhotra (1214),user_1214@example.com,+91 98765 01214
cust_1215,Siddharth Rao (1215),user_1215@example.com,+91 98765 01215
cust_1216,Neha Gupta (1216),user_1216@example.com,+91 98765 01216
cust_1217,Rohan Mehta (1217),user_1217@example.com,+91 98765 01217
cust_1218,Pooja Reddy (1218),user_1218@example.com,+91 98765 01218
cust_1219,Deepak Joshi (1219),user_1219@example.com,+91 98765 01219
cust_1220,Kavita Nair (1220),user_1220@example.com,+91 98765 01220
cust_1221,Arjun Singh (1221),user_1221@example.com,+91 98765 01221
cust_1222,Sneha Joshi (1222),user_1222@example.com,+91 98765 01222
cust_1223,Rajesh Iyer (1223),user_1223@example.com,+91 98765 01223
cust_1224,Meera Desai (1224),user_1224@example.com,+91 98765 01224
cust_1225,Rahul Sharma (1225),user_1225@example.com,+91 98765 01225
cust_1226,Priya Patel (1226),user_1226@example.com,+91 98765 01226
cust_1227,Amit Kumar (1227),user_1227@example.com,+91 98765 01227
cust_1228,Ananya Verma (1228),user_1228@example.com,+91 98765 01228
cust_1229,Vikram Malhotra (1229),user_1229@example.com,+91 98765 01229
cust_1230,Siddharth Rao (1230),user_1230@example.com,+91 98765 01230
cust_1231,Neha Gupta (1231),user_1231@example.com,+91 98765 01231
cust_1232,Rohan Mehta (1232),user_1232@example.com,+91 98765 01232
cust_1233,Pooja Reddy (1233),user_1233@example.com,+91 98765 01233
cust_1234,Deepak Joshi (1234),user_1234@example.com,+91 98765 01234
cust_1235,Kavita Nair (1235),user_1235@example.com,+91 98765 01235
cust_1236,Arjun Singh (1236),user_1236@example.com,+91 98765 01236
cust_1237,Sneha Joshi (1237),user_1237@example.com,+91 98765 01237
cust_1238,Rajesh Iyer (1238),user_1238@example.com,+91 98765 01238
cust_1239,Meera Desai (1239),user_1239@example.com,+91 98765 01239
cust_1240,Rahul Sharma (1240),user_1240@example.com,+91 98765 01240
cust_1241,Priya Patel (1241),user_1241@example.com,+91 98765 01241
cust_1242,Amit Kumar (1242),user_1242@example.com,+91 98765 01242
cust_1243,Ananya Verma (1243),user_1243@example.com,+91 98765 01243
cust_1244,Vikram Malhotra (1244),user_1244@example.com,+91 98765 01244
cust_1245,Siddharth Rao (1245),user_1245@example.com,+91 98765 01245
cust_1246,Neha Gupta (1246),user_1246@example.com,+91 98765 01246
cust_1247,Rohan Mehta (1247),user_1247@example.com,+91 98765 01247
cust_1248,Pooja Reddy (1248),user_1248@example.com,+91 98765 01248
cust_1249,Deepak Joshi (1249),user_1249@example.com,+91 98765 01249
